ID,name,host_id,host_name,neighbourhood_group,neighbourhood,latitude,longitude,room_type,price,minimum_nights,number_of_reviews,,reviews_per_month,calculated_host_listings_count,availability_365,number_of_reviews_ltm,license
2992450,Luxury 2 bedroom apartment,4621559,Kenneth,,THIRD WARD,42.65789,-73.7537,Entire home/apt,70,28,9,,0,1,70,0,
3820211,Restored Precinct in Center Sq. w/Parking,19648678,Terra,,SIXTH WARD,42.65222,-73.76724,Entire home/apt,100,2,308,,2,4,335,6,
5651579,Large studio apt  by Capital Center & ESP@,29288920,Gregg,,SECOND WARD,42.64615,-73.75966,Entire home/apt,75,2,371,,3,2,15,24,
6623339,Center Sq. Loft in Converted Precinct w/ Parking,19648678,Terra,,SIXTH WARD,42.65222,-73.76724,Entire home/apt,95,2,331,,3,4,282,14,
9005989,"Studio in The heart of Center SQ, in Albany NY",17766924,Sugey,,SIXTH WARD,42.65559,-73.76506,Entire home/apt,86,1,620,,6,1,128,29,
9501054,Spacious suite with full bath by Capital  Center,29288920,Gregg,,SECOND WARD,42.64734,-73.75851,Private room,52,1,418,,4,2,223,34,
10768745,Alb hospital area studio bath wifi. (Red),5691268,Elizabeth,,FOURTEENTH WARD,42.66078,-73.80553,Private room,54,1,792,,7,2,153,133,
11253948,/Fire Place Bungalow\ 1917 SUNY Eagle 6Beds 2Baths,4259750,Peter,,FIFTEENTH WARD,42.67567,-73.82438,Entire home/apt,264,1,188,,2,8,326,30,
11639446,$55twin($30 foreign student)FreeBF Noa/c no smoke,61700428,Abdullah,,ELEVENTH WARD,42.67583,-73.78297,Private room,55,15,231,,2,2,365,12,
12799126,Private Room in the Hearth of the Albany,69729286,Musab,,SIXTH WARD,42.65154,-73.76867,Private room,47,5,28,,0,2,344,20,
13083497,Pristine Cape Cod on the Creek - 4 Large Bedrooms,1364123,Akhilesh,,FIFTEENTH WARD,42.66972,-73.82753,Entire home/apt,219,2,189,,2,1,306,8,
14989805,/Miller Colonial\ 1946 SUNY Eagle Hill 5Bed 2Baths,4259750,Peter,,FIFTEENTH WARD,42.673512,-73.819679,Entire home/apt,260,1,113,,1,8,315,94,
15580397,Alb Medical/Dtwn Albany/Colleges ROOM H,89705052,Share,,NINTH WARD,42.65651,-73.77887,Private room,52,2,48,,0,2,115,1,
16531782,On a little park in Albany pine hills. (Blue),5691268,Elizabeth,,FOURTEENTH WARD,42.66075,-73.80605,Private room,60,1,489,,8,2,316,11,
17238066,"$53($25 foreign student)Twin, noa/cno
Smoke freeBF",61700428,Abdullah,,FIFTH WARD,42.67614,-73.78169,Private room,53,15,132,,1,2,254,18,
18341426,/Sauna Ranch 1961\ SUNY Eagle Hill 4Beds 1Bath,4259750,Peter,,FIFTEENTH WARD,42.67637,-73.82395,Entire home/apt,376,1,58,,1,8,88,22,
19527043,Charming 1 Bedroom in a Historic Residential Home,15223767,Ed,,NINTH WARD,42.65312,-73.78161,Private room,70,1,82,,1,3,331,7,
19822913,The Honey Comb hideout,140060931,McKinley,,FOURTH WARD,42.6688429,-73.74151371,Entire home/apt,214,1,0,,0,1,354,4,
20519885,8 year SuperHost 5Bedroom In Albany,67171774,Michael And Flerida,,FOURTEENTH WARD,42.65846,-73.80201,Entire home/apt,290,4,115,,1,1,341,15,
20620135,/Red Warhol Ranch\ 1959 SUNY Eagle Hill 4beds1Bath,4259750,Peter,,FIFTEENTH WARD,42.675,-73.82382,Entire home/apt,196,1,77,,1,8,266,9,
20633175,"Garden Apartment, on the Park, close to Capital.",65414985,James,,SEVENTH WARD,42.64939,-73.76865,Entire home/apt,116,2,131,,1,2,260,110,
20671966,The Metropolitan,98744672,Bela,,NINTH WARD,42.65532,-73.78244,Entire home/apt,68,2,48,,1,8,310,2,
21052414,Cozy bedroom with (2) walk-in closets,135717458,Chad,,THIRTEENTH WARD,42.66565,-73.77975,Private room,36,18,46,,1,3,157,3,
21392315,The Blair Suite,98744672,Bela,,NINTH WARD,42.65372,-73.78244,Entire home/apt,60,2,131,,1,8,330,28,
21449583,/zBig Blue Ranch\ 1962 SUNY Eagle Hill 4Beds 2Bath,4259750,Peter,,FIFTEENTH WARD,42.67547,-73.82402,Entire home/apt,582,4,8,,0,8,32,55,
21752534,"NEW LISTING! Modern, completely updated, LOCATION!",152762198,Allen,,TENTH WARD,42.66045,-73.77833,Entire home/apt,67,3,181,,2,9,324,67,
21769213,Cozy downstairs bedroom in quiet neighborhood!,135717458,Chad,,ELEVENTH WARD,42.66572,-73.77834,Private room,37,18,32,,0,3,134,17,
21769439,Cozy upstairs room with (1) walk-in closet,135717458,Chad,,ELEVENTH WARD,42.66703,-73.77842,Private room,35,18,26,,0,3,353,5,
22398196,Elegant Guest Suite in our beautiful Victorian!,98744672,Bela,,NINTH WARD,42.65501,-73.78122,Private room,54,2,121,,1,8,327,42,
24120690,One Bedroom apartment with private entrance,156446839,Domini,,FOURTEENTH WARD,42.65975,-73.81196,Private room,68,2,122,,1,1,336,48,
24606880,The Western Suite,98744672,Bela,,NINTH WARD,42.65431,-73.78178,Private room,71,2,50,,1,8,188,45,
25549565,Quiet and Pretty in the Heart of Center Square,9666970,Janet,,SIXTH WARD,42.65345,-73.7645,Entire home/apt,72,1,928,,11,1,352,41,
25976514,City Feel - Green Room,31757246,Leiba,,SIXTH WARD,42.65333,-73.77293,Private room,93,3,14,,0,1,94,98,
26139592,Garden Apartment in Ctr. Square: Monthly Discounts,6833937,Farah,,SIXTH WARD,42.65403,-73.76325,Entire home/apt,80,2,142,,2,1,343,19,
27670660,The Rock & Roll Suite,98744672,Bela,,NINTH WARD,42.65430832,-73.78177643,Private room,54,2,26,,0,8,351,31,
27692601,Albany Cozy home with fireplaces and Sunroom,202580880,Rosanne,,EIGHTH WARD,42.64514,-73.80668,Entire home/apt,302,3,14,,0,1,237,10,
28341274,Private room in historic building on the park,54394342,Alice,,SIXTH WARD,42.65821,-73.76917,Private room,75,1,92,,1,1,0,16,
28400263,Private Room in Historic Residential Home,15223767,Ed,,NINTH WARD,42.65464,-73.78348,Private room,59,1,271,,3,3,269,25,
28722270,‚úçHistoric Loft Suite @ Downtown Albany,44434571,Earl,,SECOND WARD,42.64535,-73.75365,Entire home/apt,81,1,691,,9,9,340,47,
28868857,‚≠êCozy Garden Suite Full Amenities @Downtown Albany,44434571,Earl,,SECOND WARD,42.64535,-73.75365,Entire home/apt,56,1,628,,8,9,334,21,
28929840,"Spacious
private suite and private bath",194113768,Rachel,,FOURTH WARD,42.6737,-73.75313,Private room,70,1,7,,0,1,28,40,
29605579,Funky Urban 1 Bedroom Apt w/ Parking in Center Sq,19648678,Terra,,SIXTH WARD,42.65235,-73.76714,Entire home/apt,82,2,107,,1,4,228,35,
30189794,Seashore Suite At The Inn on South Lake,98744672,Bela,,NINTH WARD,42.6533,-73.78114,Private room,76,2,68,,1,8,27,13,
31210362,Nest in Hazel,160340958,Jon,,FIFTEENTH WARD,42.67519,-73.82281,Private room,47,2,32,,0,1,221,83,
32279028,"Cosy, comfy and quiet for one",172223381,Diana,,EIGHTH WARD,42.64936,-73.80278,Private room,,1,213,,3,2,356,62,
32450400,Moroccan Sands,97330032,Sherrell,,FOURTH WARD,42.6761,-73.73825,Private room,104,3,1,,0,1,314,27,
32993402,‚ú®Historic Full Amenities 2BR Apt @Downtown Albany,44434571,Earl,,SECOND WARD,42.64563,-73.75311,Entire home/apt,86,1,448,,6,9,7,82,
33558235,"Historic, Spacious & Fun 2BR Apt @ Downtown Albany",44434571,Earl,,SECOND WARD,42.64585,-73.75297,Entire home/apt,87,1,459,,6,9,97,46,
34330970,Muhammed Ali Lounge & Pool Hall ‚¨¢‚¨°,232967878,Diana,,SECOND WARD,42.64335,-73.7579,Entire home/apt,118,1,318,,4,22,9,88,
35793179,Cozy Bedroom in Historic Residential Home,15223767,Ed,,SEVENTH WARD,42.65259,-73.78223,Private room,50,1,198,,3,3,77,80,
35914565,The Poker Room ‚ô§ Downtown Albany,232967878,Diana,,SECOND WARD,42.64506,-73.75727,Entire home/apt,89,1,308,,4,22,1,50,
36443605,Sophisticated Retreat: 2BR in heart of Albany,188679144,Elizabeth,,THIRTEENTH WARD,42.66619,-73.79031,Entire home/apt,126,2,54,,1,8,318,38,
38321579,Comfy and quiet,172223381,Diana,,EIGHTH WARD,42.65085,-73.80239,Private room,53,1,422,,6,2,74,26,
39093517,Center Square Safe 2 Bedroom Long  Stay w/ Parking,299638115,Flerida,,SIXTH WARD,42.65507,-73.76138,Entire home/apt,104,2,44,,1,4,247,90,
39698576,Spacious Designer 1-Bed Near Albany Med,188679144,Elizabeth,,NINTH WARD,42.65483,-73.78033,Entire home/apt,110,5,24,,0,8,176,60,
40491172,"Renovated, private parking,location, washer dryer!",152762198,Allen,,THIRTEENTH WARD,42.66827,-73.79231,Entire home/apt,92,3,130,,2,9,286,66,
40828178,Comfortable! One Bedroom A/C Apartment Queen Bed,47491906,Lloyd,,FOURTH WARD,42.67773,-73.73899,Entire home/apt,121,1,173,,3,1,241,108,
41319631,Modern Carriage in the Heart of Albany,59864591,Daniel,,SIXTH WARD,42.65115,-73.7668,Entire home/apt,97,30,4,,0,1,312,44,
42009788,Center Square Sanctuary: Private 2-Bedroom Gem,188679144,Elizabeth,,SIXTH WARD,42.65315,-73.76202,Entire home/apt,122,7,24,,0,8,313,33,
42092736,Private Bedroom in Cozy Ranch Home,41400541,John,,FOURTEENTH WARD,42.66403,-73.81446,Private room,52,1,187,,3,1,31,96,
42391372,Central Albany Apartment: Walk to State Capitol!,121680792,Evolve,,SECOND WARD,42.6469,-73.75761,Entire home/apt,174,3,27,,0,5,300,54,
42567833,Homey,339085327,Arkady,,NINTH WARD,42.65567,-73.7854,Entire home/apt,183,70,0,,0,1,243,49,
42763847,Charming dog friendly home with private yard!,649068,Anthony,,FIRST WARD,42.63876,-73.78535,Entire home/apt,102,1,115,,2,1,357,56,
43208391,Classic & Homey 2BD/1BA Fl 2 Apt @ Downtown Albany,272907816,Angela,,SECOND WARD,42.64453,-73.75426,Entire home/apt,87,2,112,,2,2,142,32,
43459803,Luxury 1 bedroom Apt in the heart of Center Square,299638115,Flerida,,SIXTH WARD,42.65556,-73.76205,Entire home/apt,114,2,18,,0,4,280,36,
43736299,*The Blue House* Incredible 3 Bedroom Apartment,349460842,Scott,,TENTH WARD,42.66257,-73.78281,Entire home/apt,,1,131,,2,17,166,130,
43955950,* Quaint home located in residential neighborhood*,232967878,Diana,,EIGHTH WARD,42.64383,-73.78926,Entire home/apt,248,2,91,,2,22,308,23,
44180048,Historic Queen Studio Across from Washington Park!,355777684,Lloyd,,SIXTH WARD,42.65935,-73.76805,Entire home/apt,102,1,370,,6,3,100,43,
44265426,Parkside Queen 1 Bedroom (1800's) Brownstone!,355777684,Lloyd,,SIXTH WARD,42.66006,-73.76966,Entire home/apt,103,1,302,,5,3,196,0,
44450012,Spacious upscale luxury apartment with huge yard,353498132,Michael,,EIGHTH WARD,42.64808,-73.7996,Entire home/apt,146,13,26,,0,6,11,0,
45024912,Private Apt Queen 1 Bed Sanctuary with many Extras,362851072,Elsa,,FOURTEENTH WARD,42.66132,-73.7956,Entire home/apt,132,1,129,,2,1,30,0,
45074220,Secluded Studio Suite Fl 3 @ Downtown Albany,272907816,Angela,,SECOND WARD,42.64454,-73.75369,Entire home/apt,67,1,40,,1,2,200,0,
45313545,Adorable & Trendy 1 Bd Apt Minutes to Albany Med!,165293595,Kori,,NINTH WARD,42.6545,-73.78223,Entire home/apt,89,2,154,,3,1,217,0,
45528939,UNIQUE Gem in HEART of Albany ‚òÖ Spiral Staircase,47625981,Linda,,SECOND WARD,42.64801,-73.75668,Entire home/apt,108,1,99,,2,18,113,0,
45529316,WOW ‚òÖ Bright Apt ‚òÖ PRIME downtown Walk Everywhere,47625981,Linda,,SECOND WARD,42.64821,-73.75793,Entire home/apt,108,1,122,,2,18,262,0,
45529447,‚òÖ 2 BEDROOM / 1 BATH TRENDY Apt ‚òÖ Downtown Albany,47625981,Linda,,SECOND WARD,42.64713,-73.75628,Entire home/apt,117,1,144,,3,18,194,0,
46894493,Our Antique Bungalow,69789449,Dan,,NINTH WARD,42.65311,-73.78525,Entire home/apt,152,1,257,,5,1,337,0,
47334913,"Newly renovated,Amazing Location,private parking",152762198,Allen,,THIRTEENTH WARD,42.66646,-73.79184,Entire home/apt,92,3,93,,2,9,220,0,
47345872,Bright large 1 bdr loft in Center Sq -free parking,19648678,Terra,,SIXTH WARD,42.65345,-73.76663,Entire home/apt,96,1,65,,1,4,145,0,
47408047,"Quiet cozy apartment, private laundry, great spot!",152762198,Allen,,FOURTEENTH WARD,42.67156,-73.80883,Entire home/apt,77,3,71,,1,9,61,0,
47440071,The Historic J. Buel Farmhouse - Luxury Suite Loft,382970529,Thomas,,THIRTEENTH WARD,42.6692,-73.79849,Private room,90,1,172,,3,15,224,0,
47828453,Center Square Albany 2BR Apt w/Parking near all,299638115,Flerida,,THIRD WARD,42.656,-73.76123,Entire home/apt,134,2,21,,0,4,25,0,
47902629,"Renovated 2br/2ba, close to Alb Med & St. Petes.",21886921,David,,THIRTEENTH WARD,42.66744,-73.79216,Entire home/apt,125,14,9,,0,2,240,0,
47943571,Downtown Albany 1 Bed + Workstation @ Maiden Lane,385664127,Dillon,,THIRD WARD,42.65118,-73.75274,Entire home/apt,95,2,168,,3,2,289,0,
48052353,*The Rustic Home* 3 Bedroom Second Floor Apartment,349460842,Scott,,TENTH WARD,42.66261,-73.78332,Entire home/apt,201,1,167,,3,17,364,0,
48124042,Downtown Albany 2 Bedroom + Workstation @ The Mark,385664127,Dillon,,THIRD WARD,42.64982,-73.7509,Entire home/apt,130,1,228,,5,2,21,0,
48172884,The Down Under Suite,98744672,Bela,,NINTH WARD,42.65399,-73.78126,Private room,41,2,76,,1,8,249,0,
48470454,"/ New Giant Victorian \ 7beds 6 baths + 2x 85"" TVs",4259750,Peter,,THIRTEENTH WARD,42.66526413,-73.78692627,Entire home/apt,511,2,44,,1,8,339,0,
48599533,Capital View I,392074908,Jerry,,SIXTH WARD,42.65429,-73.75986,Entire home/apt,93,2,102,,2,3,175,0,
50088935,Quiet 2-bedroom condo in the heart of Albany,172658781,Jessica,,THIRTEENTH WARD,42.66972,-73.79544,Entire home/apt,182,60,4,,0,2,358,0,
50171851,Beautiful Center Square Garden-Level Unit,48490017,Todd,,SIXTH WARD,42.65157,-73.76546,Entire home/apt,,2,190,,4,1,329,0,
50207226,‚òÖ RARE 1BR Apt with Character GREAT Location! W/D‚òÖ,47625981,Linda,,FOURTH WARD,42.65888,-73.74673,Entire home/apt,104,1,89,,2,18,325,0,
50211226,Cozy Studio By Washington Park | Walkable!,105597161,Katelyn,,ELEVENTH WARD,42.66034,-73.77163,Entire home/apt,105,2,185,,4,1,303,0,
50354540,Heart of Center Square: Designer 2-Bed Retreat,188679144,Elizabeth,,SIXTH WARD,42.65333,-73.76402,Entire home/apt,135,3,16,,0,8,233,0,
50639032,"Sunny Queen bed, Quiet w/Beautiful Garden",172539578,David Yisrael,,FIFTEENTH WARD,42.67945,-73.81647,Private room,,3,46,,1,4,363,0,
50890336,"‚òÖCHIC, Renovated Brownstone‚òÖ in PRIME DT Albany",47625981,Linda,,FOURTH WARD,42.65901,-73.74748,Entire home/apt,108,1,45,,1,18,302,0,
51230498,"Chic-romantic, center-city, hotel-style apartment.",414738935,Sonya,,THIRD WARD,42.66064,-73.76074,Entire home/apt,65,1,255,,5,1,46,0,
51461480,üçÉChic & Cozy Near Washington Park Garden Suite,416799784,Rosie,,TENTH WARD,42.65969,-73.77564,Entire home/apt,89,7,28,,1,1,90,0,
51503537,Walk to Everything Downtown Albany! Luxury Apt!,394420519,All Seasons,,THIRD WARD,42.65061,-73.75006,Entire home/apt,138,4,9,,0,1,321,0,
51579900,‚òÖMODERN 1BR GREAT Location Downtown! W/D Parking!‚òÖ,47625981,Linda,,FOURTH WARD,42.65856,-73.74866,Entire home/apt,99,1,78,,2,18,307,0,
51592836,Lovely 1 Bedroom Unit In Historic Brownstone!,60293220,David,,THIRD WARD,42.65844,-73.74978,Entire home/apt,89,2,90,,2,3,165,0,
51710034,Empire Plaza View I,392074908,Jerry,,SIXTH WARD,42.65269,-73.76076,Entire home/apt,,2,43,,1,3,311,0,
51954621,Queen bed w/garden hammocks & home gym,172539578,David Yisrael,,FIFTEENTH WARD,42.67812,-73.81724,Private room,45,3,11,,0,4,192,0,
52152157,"Modern space, everything you could want!",152762198,Allen,,FIRST WARD,42.63066,-73.77357,Entire home/apt,96,3,72,,2,9,84,0,
52241973,Garden Apartment in Historic Center Square Home,35465673,Jason,,SIXTH WARD,42.65641,-73.76413,Entire home/apt,75,1,320,,7,1,216,0,
52611613,* Adorable home w/parking near great restaurants *,232967878,Diana,,NINTH WARD,42.65674,-73.79221,Entire home/apt,149,2,135,,3,22,359,0,
52619545,* Centrally located Eclectic vibe 2 bed w/parking,232967878,Diana,,THIRTEENTH WARD,42.67102,-73.79454,Entire home/apt,106,2,89,,2,22,63,0,
52691284,+ Perfect place to make memories with loved ones +,232967878,Diana,,TENTH WARD,42.66236,-73.79245,Entire home/apt,476,2,90,,2,22,164,0,
52836323,*Hidden gem w/in walking distance to Madison Ave *,232967878,Diana,,THIRTEENTH WARD,42.67242,-73.79292,Entire home/apt,120,1,85,,2,22,44,0,
52837196,‚òÖMODERN 1BR Apt w/ PRIVATE deck! W/D‚òÖ,47625981,Linda,,FOURTH WARD,42.65812,-73.74837,Entire home/apt,104,1,76,,2,18,51,0,
52863776,Washington Parkside 1 Bedroom In 1800s Brownstone!,355777684,Lloyd,,SIXTH WARD,42.65826,-73.76944,Entire home/apt,105,1,205,,5,3,160,0,
52923647,Cozy 3BR House in Whitehall near DT Albany,428451585,Erwin,,EIGHTH WARD,42.64792,-73.79953,Entire home/apt,257,3,0,,0,1,317,0,
53312101,* 1 bed near Times Union center & Egg w/parking *,232967878,Diana,,SECOND WARD,42.64369,-73.7581,Entire home/apt,78,2,62,,1,22,156,0,
53483727,Spacious Urban APT w/4BR & Office in Albany,433096110,Brian,,FOURTEENTH WARD,42.65824,-73.80114,Entire home/apt,205,1,158,,4,3,85,0,
53567589,Private Garden Apt in Downtown Albany|Pets Allowed,433096110,Brian,,SIXTH WARD,42.65204,-73.76655,Entire home/apt,98,1,269,,6,3,29,0,
53645427,‚òÖ BEAUTIFUL  2 BED 2 BATH  w/ SOAKER TUB + W/D‚òÖ,47625981,Linda,,FOURTH WARD,42.65913,-73.74722,Entire home/apt,135,1,119,,3,18,295,0,
53860077,/ Sauna Garden Getaway\ 1943 SUNY Eagle Hill,4259750,Peter,,FIFTEENTH WARD,42.674675,-73.822861,Entire home/apt,343,1,40,,1,8,8,0,
53971505,Charming 1 Bdrm Garden Apt in Historic Brownstone,60293220,David,,FOURTH WARD,42.65873,-73.7494,Entire home/apt,,13,3,,0,3,346,0,
54097694,B Unieke,438504176,Roland,,SECOND WARD,42.64683,-73.75662,Entire home/apt,300,1,0,,0,1,251,0,
54126420,Beautiful 1 bedroom in a quiet residential area.,37769478,Erion,,TENTH WARD,42.66261,-73.79026,Entire home/apt,83,1,105,,3,11,332,0,
54126421,Beautiful Apartment in the heart of Albany,37769478,Erion,,SIXTH WARD,42.65422,-73.76996,Entire home/apt,110,1,69,,2,11,231,0,
54126427,Beautiful 1 bedroom In the heart of Albany,37769478,Erion,,SIXTH WARD,42.65403,-73.77056,Entire home/apt,92,1,133,,3,11,158,0,
54128829,Modern & Cozy Cntr Square Townhouse Gem from 1854,265709295,Richard And Priscela,,SIXTH WARD,42.65594,-73.76591,Entire home/apt,144,1,243,,6,2,16,0,
54150131,Charming 170-Year-Old Home in the Heart of Albany,432936385,Jared,,SIXTH WARD,42.65143,-73.76497,Entire home/apt,164,1,224,,6,1,54,0,
54369238,"Cozy townhouse, close to hospital, free parking!",152762198,Allen,,NINTH WARD,42.65578,-73.78641,Entire home/apt,97,3,56,,2,9,250,0,
54369240,Lovely 1 bedroom rental close to Alb Med!,152762198,Allen,,TENTH WARD,42.65905,-73.77964,Entire home/apt,77,3,57,,2,9,64,0,
5.5925E+17,Cozy 1 bedroom with office and luxurious King size,433884293,Uniah,,NINTH WARD,42.66062,-73.79112,Entire home/apt,68,6,2,,0,1,361,0,
5.81058E+17,‚óÜUNIQUE‚óÜ spacious LOFT with photo studio w/d!,47625981,Linda,,THIRD WARD,42.65848,-73.76359,Entire home/apt,92,1,45,,1,18,253,0,
5.88298E+17,Modern one bedroom with free off street parking,353498132,Michael,,SECOND WARD,42.64441,-73.75647,Entire home/apt,118,13,13,,0,6,297,0,
5.93272E+17,The Historic J. Buel Farmhouse - Luxury Suite,382970529,Thomas,,THIRTEENTH WARD,42.66911,-73.79869,Private room,96,1,123,,3,15,144,0,
5.97655E+17,Newly refurbished 2 bedroom close to Lark,30920241,Miri,,SIXTH WARD,42.65314,-73.76787,Entire home/apt,214,60,11,,0,2,173,0,
6.17242E+17,Iconic City Center Apt in Downtown | Pets Allowed,433096110,Brian,,SIXTH WARD,42.65353,-73.7679,Entire home/apt,98,1,177,,5,3,111,0,
6.18673E+17,"Huge loft with a king bed, balcony and park views",2554853,Nim,,SIXTH WARD,42.65547943,-73.76625061,Entire home/apt,135,5,8,,0,1,178,0,
6.19695E+17,Modern luxury one bedroom with off street parking,353498132,Michael,,SECOND WARD,42.64489,-73.75731,Entire home/apt,133,13,10,,0,6,177,0,
6.20481E+17,"Lovely renovated, 2-bedroom home with free parking",457678547,Najeem Adegbemiga,,SEVENTH WARD,42.640217,-73.780815,Entire home/apt,133,2,16,,0,1,174,0,
6.2196E+17,The Historic Jesse Buel Farmhouse w/ Heated Pool,382970529,Thomas,,FOURTEENTH WARD,42.66762,-73.79919,Entire home/apt,1486,1,15,,0,15,109,0,
6.28163E+17,‚òÖSPACIOUS 1BR Apt w/ Character 10ft Ceilings W/D!‚òÖ,47625981,Linda,,SECOND WARD,42.64528,-73.75861,Entire home/apt,99,1,57,,2,18,348,0,
6.28824E+17,Clean lines and accessible Convenient Location!,7164949,Jordan,,THIRD WARD,42.66169975,-73.76466828,Private room,58,2,0,,0,1,159,0,
6.31035E+17,‚òÖPRIVATE 1 BDRM Newly Renovated Apt W/D Patio‚òÖ,47625981,Linda,,SECOND WARD,42.64558,-73.75928,Entire home/apt,98,1,57,,2,18,155,0,
6.34108E+17,Perfect for Families and Traveling Professionals,119340359,Lori,,SIXTH WARD,42.65323,-73.76797,Entire home/apt,,30,101,,3,2,347,0,
6.38901E+17,ü™¥ Historic & Homey 1 Bdrm Apt @ Downtown Albany,335923036,Mohammed,,SECOND WARD,42.645351,-73.753647,Entire home/apt,1050,1,10,,0,1,345,0,
6.49974E+17,Modern luxury studio with free off street parking,353498132,Michael,,SECOND WARD,42.64625,-73.75663,Entire home/apt,90,14,8,,0,6,288,0,
6.53434E+17,Lovely apartment in heart of Albany,1761578,Grant,,SIXTH WARD,42.65389,-73.76538,Entire home/apt,130,2,6,,0,3,248,0,
6.54303E+17,‚òÖ Private 1 bdrm w/ backyard access ‚òÖ In-unit W/D,47625981,Linda,,FOURTH WARD,42.65752,-73.74743,Entire home/apt,104,1,51,,1,18,180,0,
6.58161E+17,Lovely artist 1 bedroom apartment close to LARK,30920241,Miri,,SIXTH WARD,42.65128,-73.7686,Entire home/apt,,28,1,,0,2,239,0,
6.58638E+17,CHEERFULL 3 BEDROOM HOME WITH FREE PARKING.,466389096,Patrice,,FIRST WARD,42.6374547,-73.7716647,Entire home/apt,140,7,5,,0,2,197,0,
6.62133E+17,Beautiful 4 bedroom house Large eat in kitchen,466389096,Patrice,,FIRST WARD,42.6378819,-73.7715269,Entire home/apt,125,14,2,,0,2,238,0,
6.67645E+17,Pied-a-terre albany,439560254,Sean,,SIXTH WARD,42.65541381,-73.76367521,Entire home/apt,109,2,103,,3,1,242,0,
6.68608E+17,The Historic J. Buel Farmhouse-  Rose Feather Room,382970529,Thomas,,FOURTEENTH WARD,42.66758,-73.7992,Private room,60,1,136,,4,15,236,0,
6.68608E+17,The Historic J. Buel Farmhouse - Silk Hearth Room,382970529,Thomas,,FOURTEENTH WARD,42.66764,-73.79908,Private room,74,1,114,,3,15,362,0,
6.77623E+17,**New Listing! Modern 2 bdrm Apt in Mansion Area!,203631769,Johnny,,SECOND WARD,42.64531,-73.75963,Entire home/apt,,2,28,,1,1,268,0,
6.81952E+17,Albany-2 bedrooms apt (1st fl) A&A-Sisters Rental,461579260,Md,,SECOND WARD,42.646896,-73.757612,Entire home/apt,181,1,3,,0,2,38,0,
6.87497E+17,Albany-3 bedrooms apt (2nd fl) A&A-Sisters Rental,461579260,Md,,SECOND WARD,42.64621,-73.75723,Entire home/apt,198,1,4,,0,2,304,0,
6.89719E+17,"Elegant, spacious studio apt in historic mansion",1717342,David,,SIXTH WARD,42.65405765,-73.760713,Entire home/apt,84,1,266,,8,2,246,0,
6.92808E+17,Relax in Style by Washington Park - Free Parking,67337944,Rabia,,ELEVENTH WARD,42.6623,-73.777,Entire home/apt,104,31,104,,3,1,320,0,
7.03552E+17,Cozy Albany Home,3650672,Zuhair,,THIRTEENTH WARD,42.67075,-73.79704,Entire home/apt,158,3,4,,0,1,76,0,
7.04545E+17,Cozy 1 Bedroom Apt in  desirable Albany locale,58406953,Nicholas,,THIRTEENTH WARD,42.67485,-73.79867,Entire home/apt,82,2,3,,0,1,218,0,
7.0566E+17,Luxurious one bedroom with off-street parking,353498132,Michael,,SECOND WARD,42.64577,-73.7583,Entire home/apt,109,13,8,,0,6,45,0,
7.17373E+17,Centrally located 2 bed w/ off street parking,232967878,Diana,,THIRTEENTH WARD,42.67261,-73.79262,Entire home/apt,137,1,65,,2,22,191,0,
7.23957E+17,"Modern home, King Bed 4 bed 2bath, Crib, parking",10279606,Noriyuki,,NINTH WARD,42.65691,-73.78389,Entire home/apt,151,1,232,,7,3,342,0,
7.24567E+17,Cozy Greenwood Flat (1 BDR Apartment in Albany),360287870,Mela,,SIXTH WARD,42.6513719,-73.7673156,Entire home/apt,101,2,64,,3,1,296,0,
7.33965E+17,Historic 1 bed/ 1 bath,502037254,Andrew,,SIXTH WARD,42.65035,-73.76549,Entire home/apt,68,14,1,,0,3,293,0,
7.3588E+17,Modern & Homey 1BD/1BA Fl 1 Apt @ Downtown Albany,44434571,Earl,,THIRD WARD,42.64564,-73.75261,Entire home/apt,80,1,79,,2,9,60,0,
7.37574E+17,4 bed all on one floor,232967878,Diana,,TENTH WARD,42.66069,-73.78555,Entire home/apt,157,1,46,,1,22,33,0,
7.39723E+17,Adirondack Suite #1,98744672,Bela,,NINTH WARD,42.6543178,-73.7818222,Private room,60,2,38,,1,8,40,0,
7.436E+17,Cozy apartment 2min walk to Albanymed office space,484673863,Michaela,,NINTH WARD,42.65569,-73.77685,Entire home/apt,90,2,17,,1,3,350,0,
7.44431E+17,"1 Bedroom on Lincoln Park, near Lark and Downtown",65414985,James,,SEVENTH WARD,42.6496,-73.76792,Entire home/apt,77,2,32,,1,2,193,0,
7.50749E+17,Clean Escape- Centrally located- Self Check-In,255839958,Kira,,SEVENTH WARD,42.64284,-73.77997,Entire home/apt,107,1,17,,1,1,355,0,
7.51421E+17,Modern- Cozy Center City 2 Bedroom Apartment Style,486073806,Keneisha,,FIFTH WARD,42.66648,-73.76831,Entire home/apt,115,2,27,,1,1,39,0,
7.52119E+17,Cozy luxury brownstone w/ parking & yard,258664571,Vorakij,,SECOND WARD,42.64439385,-73.75975702,Entire home/apt,156,2,84,,3,2,50,0,
7.52337E+17,Penthouse Brownstone w/ luxury amenities,258664571,Vorakij,,SECOND WARD,42.6444412,-73.7597141,Entire home/apt,97,2,88,,3,2,68,0,
7.56753E+17,Private Room in the Center of the Albany,69729286,Musab,,SIXTH WARD,42.65259,-73.76732,Private room,47,5,17,,1,2,125,0,
7.57342E+17,Elegant Studio in Center Square,188679144,Elizabeth,,SIXTH WARD,42.65534,-73.76461,Entire home/apt,65,7,14,,0,8,130,0,
7.57978E+17,Charming location near universities & hospital,232967878,Diana,,THIRTEENTH WARD,42.67261,-73.79262,Entire home/apt,140,2,51,,2,22,170,0,
7.61142E+17,"Great place in the heart of Albany, with Parking",37769478,Erion,,SIXTH WARD,42.65405,-73.76953,Entire home/apt,98,1,45,,1,11,121,0,
7.64509E+17,Rest+Restore Room ‚Ä¢ Short & Extended Stay ‚Ä¢,6203319,Melissa,,TENTH WARD,42.66117,-73.79091,Private room,77,1,31,,1,2,17,0,
7.70934E+17,Albany 2 Bedroom House,48328222,John,,FOURTEENTH WARD,42.6631926,-73.8153245,Entire home/apt,,1,12,,1,1,19,0,
7.74701E+17,Entire cozy unit in Albany,261036923,Hasan,,FOURTEENTH WARD,42.6601,-73.80719,Entire home/apt,63,1,62,,2,1,48,0,
7.84781E+17,Private bedroom and private bath w/separate entry,491907850,Donna,,FOURTEENTH WARD,42.66298,-73.81361,Private room,46,1,18,,1,1,226,0,
7.86181E+17,Center Square Gem: Junior 1 Bedroom,188679144,Elizabeth,,THIRD WARD,42.65653,-73.76223,Entire home/apt,97,1,3,,0,8,168,0,
7.86197E+17,Mansion in Albany 7minutes to Downtown Albany,444163492,Drasana,,FOURTH WARD,42.67996,-73.75352,Entire home/apt,,30,13,,0,1,82,0,
7.86228E+17,Glamorous 1BR Retreat in Center Square,188679144,Elizabeth,,SIXTH WARD,42.65322,-73.76249,Entire home/apt,128,7,4,,0,8,185,0,
7.86316E+17,Elegant newly renovated cozy smart apartment,253824490,Tomar,,FIFTH WARD,42.65915031,-73.75431933,Entire home/apt,86,2,36,,1,1,291,0,
7.87024E+17,*The Allen House* Gorgeous Apartment - Sleeps 8,349460842,Scott,,FOURTEENTH WARD,42.6653,-73.7943,Entire home/apt,227,1,110,,4,17,210,0,
7.88301E+17,Spacious 2 bed w/parking,232967878,Diana,,SECOND WARD,42.64409,-73.75709,Entire home/apt,128,1,67,,2,22,215,0,
7.94723E+17,Newly Renovated| Washer&Dryer|5G Wifi,20144241,Carla,,FIFTH WARD,42.67283,-73.77367,Entire home/apt,91,3,14,,1,1,301,0,
7.95542E+17,Mads Mansion -Victorian Mansion on Washington Park,493882819,Terra,,NINTH WARD,42.656329,-73.7752048,Entire home/apt,821,1,5,,0,6,232,0,
7.96231E+17,Mads Mansion - Room 4,493882819,Terra,,NINTH WARD,42.65582,-73.77541,Private room,,1,12,,1,6,234,0,
7.97455E+17,Alb Medical/colleges/Dtwn Albany Room O,89705052,Share,,TENTH WARD,42.65741,-73.78034,Private room,56,2,14,,0,2,256,0,
8.02217E+17,Mads Mansion - Room 6,493882819,Terra,,SIXTH WARD,42.65751,-73.77409,Private room,163,1,6,,0,6,209,0,
8.03605E+17,3br/2ba Near Alb Med & St.Petes.,21886921,David,,FOURTEENTH WARD,42.66691,-73.79338,Entire home/apt,125,14,3,,0,2,12,0,
8.03682E+17,Modern and Cozy Pine Hills Home from Early 1900s,265709295,Richard And Priscela,,THIRTEENTH WARD,42.6702921,-73.7907283,Entire home/apt,146,1,20,,1,2,36,0,
8.03814E+17,Mads Mansion - Room 5,493882819,Terra,,NINTH WARD,42.656329,-73.775205,Private room,132,1,6,,0,6,18,0,
8.03868E+17,Mads Mansion - Room 1,493882819,Terra,,NINTH WARD,42.656329,-73.775205,Private room,128,1,9,,0,6,205,0,
8.09525E+17,Two bedroom apartment near hospitals pet friendly,172658781,Jessica,,NINTH WARD,42.65613972,-73.79212238,Entire home/apt,86,30,1,,1,2,56,0,
8.1364E+17,The front room w/ TV and king size bed,116935236,Felicisimo,,THIRTEENTH WARD,42.67144,-73.79033,Private room,45,7,17,,1,5,47,0,
8.16085E+17,Cozy Apartment across the Park,37769478,Erion,,SIXTH WARD,42.65258,-73.76917,Entire home/apt,92,1,40,,1,11,86,0,
8.21566E+17,COMFY Room/w Private BATH + TV,177073982,Cristian,,FOURTEENTH WARD,42.66109,-73.80479,Private room,52,2,3,,0,2,78,0,
8.23276E+17,Cozy Home 5 Minute Walk to Albany Medical Center,500360485,Manjano,,SIXTH WARD,42.65184,-73.77074,Entire home/apt,,7,0,,0,1,309,0,
8.26302E+17,2 br apt 2 min walk to albanymed offstreet parking,484673863,Michaela,,NINTH WARD,42.65613,-73.77469,Entire home/apt,91,1,32,,1,3,65,0,
8.31123E+17,Boho-Chic Cape Conveniently Located,210596861,Craig,,FIFTEENTH WARD,42.67076,-73.82612,Entire home/apt,246,2,103,,4,1,349,0,
8.41524E+17,Mellow Cove,462042479,Natasha,,SIXTH WARD,42.66008,-73.76977,Entire home/apt,137,3,6,,0,2,199,0,
8.41524E+17,Cozy Cove Away From Home,462042479,Natasha,,SIXTH WARD,42.65987,-73.77025,Entire home/apt,120,3,12,,1,2,93,0,
8.43481E+17,Center Square Serenity: 2-Bedroom Elegance,188679144,Elizabeth,,SIXTH WARD,42.65483,-73.76353,Entire home/apt,122,1,2,,0,8,179,0,
8.4596E+17,Modern Cottage-Perfect for Families!,268741708,Antoinette,,FIRST WARD,42.63504,-73.79833,Entire home/apt,320,2,116,,4,1,219,0,
8.46586E+17,Spacious Home Away from Home!,49372011,Philip,,TWELFTH WARD,42.67336,-73.78619,Entire home/apt,221,3,19,,1,1,81,0,
8.4946E+17,Your luxury home away from home,1761578,Grant,,SIXTH WARD,42.65432,-73.76531,Entire home/apt,270,2,2,,0,3,360,0,
8.50173E+17,Stunning Guest Suite in Historic 1874 Row House,120815848,Phat,,SECOND WARD,42.6446,-73.75885,Private room,86,1,174,,7,1,163,0,
8.50654E+17,"Plum room, private queen near hospitals, UAlbany",20536619,Emily,,THIRTEENTH WARD,42.67177,-73.79464,Private room,61,4,16,,1,8,172,0,
8.57982E+17,Updated Historic Brownstone Apt.,60293220,David,,THIRD WARD,42.65817,-73.74935,Entire home/apt,89,2,22,,1,3,252,0,
8.70457E+17,Quiet Room Near Everything,177073982,Cristian,,FOURTEENTH WARD,42.66128,-73.80548,Private room,52,3,4,,0,2,333,0,
8.81232E+17,Exposed Brick with Park Views,37769478,Erion,,SIXTH WARD,42.65379,-73.76901,Entire home/apt,100,1,20,,1,11,263,0,
8.8223E+17,Modern / Downtown Albany 1 BR APT,512736975,Miguelino,,TENTH WARD,42.6599733,-73.7747433,Entire home/apt,64,2,61,,2,1,190,0,
8.87168E+17,The Comfort II,459472925,Gabriel,,THIRD WARD,42.66246,-73.76576,Private room,36,1,27,,1,2,69,0,
8.87179E+17,The Comfort,459472925,Gabriel,,THIRD WARD,42.6628771,-73.7653403,Private room,46,1,29,,1,2,114,0,
8.98744E+17,"Airy 5Br-2Ba,Kids Rm, 6TVs,Pvt Fence-yard&Parking!",516414095,Rashawn,,TENTH WARD,42.66087,-73.78655,Entire home/apt,200,2,53,,2,1,227,0,
9.02166E+17,2 bdrm Modern & Hip Apt w/ Patio,47625981,Linda,,SEVENTH WARD,42.64787,-73.76707,Entire home/apt,140,1,49,,2,18,283,0,
9.02327E+17,"""The LEO Home"" Private Bedroom 4",349460842,Scott,,TENTH WARD,42.66174,-73.78325,Private room,70,30,0,,0,17,59,0,
9.04393E+17,/Luxury Modern Western Hideout\,4259750,Peter,,THIRTEENTH WARD,42.6652959,-73.7868778,Entire home/apt,239,1,18,,1,8,208,0,
9.05007E+17,*The Red House* 4 Bedrooms‚Ä¢Beautifully Renovated,349460842,Scott,,TENTH WARD,42.66217,-73.78299,Entire home/apt,203,1,66,,3,17,66,0,
9.17511E+17,"R&R | Hospitals, Colleges + Politics",6203319,Melissa,,TENTH WARD,42.66261,-73.79158,Private room,,1,10,,0,2,198,0,
9.19056E+17,Room for rent,502751555,Grace,,FIFTH WARD,42.67292,-73.7776,Private room,93,1,0,,0,1,123,0,
9.21076E+17,Work hard! Play hard!,521669673,Kody,,THIRD WARD,42.6586,-73.75743,Entire home/apt,103,14,3,,0,3,133,0,
9.28949E+17,Newly Renovated Gem in Melrose - Pet Friendly,441054845,Thaddeus,,THIRTEENTH WARD,42.67066,-73.79571,Entire home/apt,63,1,67,,3,2,287,0,
9.32619E+17,Cozy space all on 1 floor close to U Albany,232967878,Diana,,THIRTEENTH WARD,42.67261,-73.79264,Entire home/apt,143,1,43,,2,22,338,0,
9.32642E+17,Stylish top floor apt w/parking,232967878,Diana,,THIRTEENTH WARD,42.67224,-73.79301,Entire home/apt,106,1,41,,2,22,124,0,
9.34035E+17,Mads Mansion - Room 7,493882819,Terra,,SIXTH WARD,42.65655,-73.77434,Private room,,1,8,,0,6,212,0,
9.37838E+17,Hudson 2 at The Argus Hotel,526358730,Argus,,SIXTH WARD,42.65867,-73.77479,Private room,165,1,2,,0,12,274,0,
9.37838E+17,Hudson 1 at The Argus Hotel,526358730,Argus,,ELEVENTH WARD,42.6606,-73.77284,Private room,155,1,7,,0,12,0,0,
9.37917E+17,Hudson 3 ADA at The Argus Hotel,526358730,Argus,,TENTH WARD,42.65908,-73.77456,Private room,165,1,7,,0,12,0,0,
9.37928E+17,Hudson 4 at The Argus Hotel,526358730,Argus,,TENTH WARD,42.66043,-73.77432,Private room,165,1,2,,0,12,0,0,
9.37935E+17,Hudson 5 at The Argus Hotel,526358730,Argus,,SIXTH WARD,42.65847,-73.77272,Private room,165,1,6,,0,12,0,0,
9.37944E+17,Whalen 1 Suite at The Argus Hotel,526358730,Argus,,SIXTH WARD,42.65908,-73.77326,Private room,,1,2,,0,12,0,0,
9.3796E+17,Whalen 2 Deluxe at The Argus Hotel,526358730,Argus,,TENTH WARD,42.66003,-73.7732,Private room,,1,0,,0,12,0,0,
9.37967E+17,Whalen 3 at The Argus Hotel,526358730,Argus,,SIXTH WARD,42.65857,-73.7744,Private room,,1,0,,0,12,0,0,
9.3826E+17,Whalen 4 at The Argus Hotel,526358730,Argus,,SIXTH WARD,42.65893,-73.77448,Private room,,1,0,,0,12,0,0,
9.38266E+17,Knickerbocker 1 The Argus Hotel,526358730,Argus,,TENTH WARD,42.66037,-73.77327,Private room,169,1,0,,0,12,0,0,
9.38272E+17,Knickerbocker 3 The Argus Hotel,526358730,Argus,,SIXTH WARD,42.65868,-73.77333,Private room,,1,0,,0,12,0,0,
9.3828E+17,Historic Carriage House  in Washington Park,526358730,Argus,,TENTH WARD,42.66036,-73.7729,Entire home/apt,313,1,16,,1,12,0,0,
9.38421E+17,"The backroom with TV, Queen bed and extra futon",116935236,Felicisimo,,ELEVENTH WARD,42.6708367,-73.7853116,Private room,50,7,25,,1,5,0,0,
9.38432E+17,The little room with TV and twin bed,116935236,Felicisimo,,THIRTEENTH WARD,42.66974,-73.78611,Private room,39,5,34,,1,5,0,0,
9.38476E+17,Colorful and eclectic apartment,132766782,Kelly,,TWELFTH WARD,42.67398,-73.79126,Entire home/apt,162,3,9,,1,1,0,0,
9.40012E+17,Sunny King bed w private luxurious bath & garden,172539578,David Yisrael,,FIFTEENTH WARD,42.68001107,-73.81705996,Private room,58,3,6,,0,4,0,0,
9.4275E+17,The spacious room w/ tv dresser/desk,116935236,Felicisimo,,ELEVENTH WARD,42.67034,-73.7851,Private room,54,7,19,,1,5,0,0,
9.50211E+17,"Historic, Spacious Mansion Suite",1717342,David,,SIXTH WARD,42.6541815,-73.7608605,Entire home/apt,104,1,172,,8,2,0,0,
9.50614E+17,A beautiful cozy home,529844022,Shirin,,FIRST WARD,42.63855,-73.76927,Entire home/apt,,1,0,,0,1,0,0,
9.57914E+17,"2 bedroom+home office, private parking & backyard",217254883,Ermenita,,NINTH WARD,42.6549886,-73.7939094,Entire home/apt,126,1,118,,5,1,0,0,
9.582E+17,Oasis Garden Apt w/Queen Bed,172539578,David Yisrael,,FIFTEENTH WARD,42.6789628,-73.81724462,Entire home/apt,116,3,19,,1,4,0,0,
9.63921E+17,Comfy studio in heart of Albany,189586864,Justin,,SIXTH WARD,42.65241,-73.77002,Entire home/apt,89,1,100,,5,1,0,0,
9.65314E+17,Historic Brownstone in Downtown Albany,533703131,Abel,,THIRD WARD,42.65665876,-73.7493968,Entire home/apt,,1,6,,3,1,0,0,
9.66288E+17,"Modern 2-bed Apt / Hospitals, SUNY, State Office",374765317,Tanjin,,FIFTEENTH WARD,42.67059,-73.81678,Entire home/apt,136,28,21,,1,1,0,0,
9.69887E+17,Abba House historic Retreat - 1st Floor Queen Bed,382970529,Thomas,,FOURTEENTH WARD,42.66877,-73.79927,Private room,55,1,123,,6,15,0,0,
9.80034E+17,Chic Madison Parkview,241123402,JShing,,SIXTH WARD,42.65312775,-73.76950465,Entire home/apt,91,1,25,,1,1,0,0,
9.83307E+17,The House That Pat Built,114183978,Tyrell,,FIFTH WARD,42.66628,-73.76512,Entire home/apt,116,2,4,,0,1,0,0,
9.8901E+17,Modern 1BR in a great location,75667477,Ahmad,,THIRD WARD,42.65515516,-73.76052583,Entire home/apt,77,30,7,,0,1,0,0,
9.9212E+17,Two bedroom close to colleges!,152762198,Allen,,FOURTEENTH WARD,42.67098,-73.80695,Entire home/apt,100,3,18,,1,9,0,0,
9.92555E+17,"Beautiful  5 bedrm , 3.5 bathroom, private parking",476189412,Timothy,,SEVENTH WARD,42.64485687,-73.77281881,Entire home/apt,222,2,9,,1,1,0,0,
9.93431E+17,Albany 3 Bedroom Apt. Sleeps 6,309980121,Ron,,SIXTH WARD,42.65623,-73.7641152,Entire home/apt,,14,12,,1,1,0,0,
9.99162E+17,"Spacious Apartment Downtown Albany, NY",531209536,Amar,,THIRD WARD,42.65762,-73.75116,Entire home/apt,90,1,35,,2,2,0,0,
1.00498E+18,Elegant Albany Retreat | Mins to D/T & UAlbany,31318080,Cindy,,EIGHTH WARD,42.6555,-73.81066,Entire home/apt,163,2,55,,3,1,0,0,
1.00598E+18,Massive 4BD/3BA 2-Fl Townhouse Apt Downtown Albany,44434571,Earl,,SECOND WARD,42.6453489,-73.7536465,Entire home/apt,196,1,64,,3,9,0,0,
1.00735E+18,Top floor w/off street parking,232967878,Diana,,TENTH WARD,42.66091,-73.78453,Entire home/apt,,1,37,,2,22,0,0,
1.01076E+18,Abba House Historic Retreat - 3rd Flr Twin Bed,382970529,Thomas,,THIRTEENTH WARD,42.67003,-73.79771,Private room,51,1,64,,3,15,0,0,
1.01076E+18,Abba House historic Retreat - 3rd Floor Single Bed,382970529,Thomas,,THIRTEENTH WARD,42.66971,-73.79755,Private room,51,1,70,,4,15,0,0,
1.01286E+18,Centrally Located 4 Story Manor,382970529,Thomas,,THIRTEENTH WARD,42.66989925,-73.79770311,Entire home/apt,1280,1,0,,0,15,0,0,
1.01366E+18,Abba House Historic Retreat - 2nd Floor Full Bed,382970529,Thomas,,FOURTEENTH WARD,42.66873,-73.7993,Private room,59,1,22,,1,15,0,0,
1.01539E+18,Á∫ΩÁ∫¶Â∑ûÈ¶ñÂ∫úÁöÑÊ∏©È¶®Â∞èÂ±ã,182509542,Yan,,NINTH WARD,42.6558992,-73.7965699,Private room,24,1,0,,0,1,0,0,
1.01605E+18,Heart of Albany - Downtown Near Everything,42708277,Rodney,,SIXTH WARD,42.65539,-73.76416,Entire home/apt,70,1,41,,2,7,0,0,
1.01827E+18,Spacious Townhouse Walking Distance from Downtown,528617680,Paola,,SECOND WARD,42.6459,-73.75828,Entire home/apt,102,1,1,,0,2,0,0,
1.0183E+18,"Cozy Room w/ Walk-In Closet, Hot Tub and Coffee!",382970529,Thomas,,FOURTEENTH WARD,42.66792031,-73.79895761,Private room,56,1,16,,1,15,0,0,
1.0183E+18,Abba House Historic Retreat - 2nd Floor Queen Bed,382970529,Thomas,,THIRTEENTH WARD,42.66996,-73.79816,Private room,67,1,86,,4,15,0,0,
1.01897E+18,1 Comfy Bedroom Across the Park,37769478,Erion,,SIXTH WARD,42.6535,-73.77046,Entire home/apt,79,1,61,,3,11,0,0,
1.02052E+18,Downtown Studio,233515764,Etem,,SECOND WARD,42.64714,-73.75466,Entire home/apt,65,1,142,,8,6,0,0,
1.02099E+18,*Beautiful* Spacious Prime DT 1 Bedroom Apt w GYM,47625981,Linda,,THIRD WARD,42.6586,-73.76421,Entire home/apt,107,1,21,,1,18,0,0,
1.02101E+18,*Spacious* Modern 1 Bedroom RARE Apt w GYM,47625981,Linda,,THIRD WARD,42.65971,-73.76382,Entire home/apt,107,1,29,,2,18,0,0,
1.02305E+18,Great home in Albany,496990578,Brian,,ELEVENTH WARD,42.66838,-73.77868,Entire home/apt,116,1,83,,4,1,0,0,
1.03472E+18,"*Huge, bright, private 2Bedroom*",130404008,Michael,,THIRD WARD,42.65711,-73.75133,Entire home/apt,91,14,2,,0,1,0,0,
1.04062E+18,Safe - Sweet -Serene - Long Term,42708277,Rodney,,SIXTH WARD,42.65447,-73.76078,Entire home/apt,67,1,48,,3,7,0,0,
1.04357E+18,2 bed room Apartment,212885959,Osas,,SECOND WARD,42.63976,-73.75705,Entire home/apt,115,1,19,,1,1,0,0,
1.05154E+18,Renovated Cozy 1920‚Äôs Apartment,31994990,Gonca,,SEVENTH WARD,42.64478,-73.7764,Entire home/apt,53,28,1,,0,2,0,0,
1.05238E+18,Charming Bungalow in Albany!,52464523,Dashima,,FIRST WARD,42.64081,-73.77463,Entire home/apt,114,30,9,,1,1,0,0,
1.05647E+18,"Bonjour, Bienvenue A Chez Pierre",553112010,Lynn,,TWELFTH WARD,42.7149,-73.87649,Private room,101,2,1,,0,1,0,0,
1.06181E+18,Massive 5BD/4BA 3-Story Duplex @ Downtown Albany,44434571,Earl,,SECOND WARD,42.64418,-73.75316,Entire home/apt,337,1,18,,1,9,0,0,
1.06253E+18,"Nighthawk room, private twin near AMC, UAlbany",20536619,Emily,,THIRTEENTH WARD,42.67096,-73.79514,Private room,51,4,12,,1,8,0,0,
1.07318E+18,In the heart of Albany,31994990,Gonca,,SEVENTH WARD,42.64473,-73.77641,Entire home/apt,53,20,2,,0,2,0,0,
1.07544E+18,The Tangerine Door,542733174,Rebecca,,TWELFTH WARD,42.67908,-73.79505,Entire home/apt,140,2,24,,1,1,0,0,
1.07974E+18,Lark St Oasis: Parking & Laundry,119340359,Lori,,SIXTH WARD,42.65531,-73.76449,Entire home/apt,145,2,7,,0,2,0,0,
1.09078E+18,Newly renovated cozy apartment !,521669673,Kody,,THIRD WARD,42.65975,-73.76311,Entire home/apt,70,14,1,,0,3,0,0,
1.09142E+18,2 bed with parking off Madison,232967878,Diana,,TENTH WARD,42.65988,-73.78486,Entire home/apt,136,2,17,,1,22,0,0,
1.0915E+18,Triplex oasis w:parking near MVP,232967878,Diana,,SECOND WARD,42.64409,-73.75709,Entire home/apt,76,2,64,,4,22,0,0,
1.0972E+18,Cozy 1-Bedroom Apt in Albany (Entire Apartment),360806709,Gloria,,SEVENTH WARD,42.64149,-73.77925,Entire home/apt,,1,56,,5,1,0,0,
1.098E+18,New Center square studio,232967878,Diana,,SIXTH WARD,42.65269,-73.76567,Entire home/apt,88,2,45,,3,22,0,0,
1.10088E+18,"Homey, Quiet 2BR W/ Washer Dryer",152762198,Allen,,FOURTEENTH WARD,42.67008,-73.80691,Entire home/apt,94,3,28,,2,9,0,0,
1.10298E+18,Lovely 1 bedroom across the Park,37769478,Erion,,SIXTH WARD,42.65289,-73.76834,Entire home/apt,90,1,50,,3,11,0,0,
1.1053E+18,Downtown Brownstone with a View!,14817455,Matt,,THIRD WARD,42.65749,-73.75263,Entire home/apt,184,7,0,,0,1,0,0,
1.10806E+18,downtown,539608284,Joyhefsiba,,THIRD WARD,42.66141,-73.76361,Private room,46,30,0,,0,1,0,0,
1.11122E+18,Historical Pastures,418250661,Stephanie,,THIRD WARD,42.6564469,-73.7507251,Entire home/apt,99,2,11,,1,1,0,0,
1.11969E+18,Serene 1BR Escape: Walk to Eateries & Parks in ALB,472965048,Corey,,SIXTH WARD,42.65348,-73.7637,Entire home/apt,74,1,14,,1,2,0,0,
1.11984E+18,1 bed 1 bath Apartment,477328400,Tyler,,SEVENTH WARD,42.64885,-73.76523,Entire home/apt,90,2,38,,3,2,0,0,
1.12021E+18,Garden Apt Suite in Historic 1858 Row House + W/D,472965048,Corey,,SIXTH WARD,42.65194,-73.76526,Entire home/apt,87,1,28,,2,2,0,0,
1.1217E+18,Cozy apartment in Albany,1761578,Grant,,SIXTH WARD,42.65314,-73.76546,Entire home/apt,90,2,6,,0,3,0,0,
1.12323E+18,"Modern townhouse 2 Bedrooms, King Bed, parking",10279606,Noriyuki,,FIFTEENTH WARD,42.66901,-73.82402,Entire home/apt,165,1,49,,4,3,0,0,
1.12456E+18,Charming 1BR Near Capitol-Dwntwn,46312980,Robert,,SECOND WARD,42.646032,-73.760482,Entire home/apt,64,3,4,,0,2,0,0,
1.12463E+18,Modern Duplex - Historical Home,46312980,Robert,,SECOND WARD,42.646032,-73.760482,Entire home/apt,94,3,5,,0,2,0,0,
1.12833E+18,Downtown Albany Vacation Rental - Chic & Walkable!,121680792,Evolve,,THIRD WARD,42.65783832,-73.75382159,Entire home/apt,135,2,3,,0,5,0,0,
1.12839E+18,Welcome home travelers,502037254,Andrew,,SEVENTH WARD,42.64893,-73.76886,Entire home/apt,,25,2,,0,3,0,0,
1.13126E+18,"Modern 2 BR near MVP Arena, Colleges, Airport",440509865,John,,FIFTEENTH WARD,42.6748535,-73.81692445,Entire home/apt,153,1,48,,5,1,0,0,
1.13494E+18,Calling all travelers,521669673,Kody,,THIRD WARD,42.65909,-73.75691,Entire home/apt,70,14,2,,0,3,0,0,
1.13581E+18,Cozy Bedrooms in Albany,522436003,Adriana,,THIRTEENTH WARD,42.6689614,-73.7890379,Private room,36,28,0,,0,3,0,0,
1.13643E+18,"""The LEO Home"" Private Bedroom 1",349460842,Scott,,THIRTEENTH WARD,42.66368,-73.78128,Private room,56,30,0,,0,17,0,0,
1.14153E+18,North Allen,522436003,Adriana,,THIRTEENTH WARD,42.6689614,-73.7890379,Private room,,28,0,,0,3,0,0,
1.14283E+18,Safe Comfy Cozy 2 bedrooms.,574235481,Lavern,,FIRST WARD,42.64094,-73.7767,Entire home/apt,,2,4,,0,1,0,0,
1.14283E+18,Bright & Clean Apartment ‚Äì August Price Special!,129023424,Riccardo,,THIRTEENTH WARD,42.67105,-73.7995,Entire home/apt,72,7,6,,0,1,0,0,
1.14624E+18,Larson Green,233515764,Etem,,SIXTH WARD,42.6524924,-73.7674361,Entire home/apt,88,1,56,,4,6,0,0,
1.14635E+18,491 Washington Ave FL1Rare,575030103,Rehan,,ELEVENTH WARD,42.66259,-73.7733,Private room,55,2,20,,2,2,0,0,
1.14709E+18,Larson Blue,233515764,Etem,,SIXTH WARD,42.65274,-73.76779,Entire home/apt,87,1,72,,5,6,0,0,
1.15061E+18,Albany historic Washington Park,576083630,Joseph,,SIXTH WARD,42.6586049,-73.7680329,Entire home/apt,95,2,11,,1,1,0,0,
1.15806E+18,"""The Albany Allen Home"" Private Bedroom 1",349460842,Scott,,TENTH WARD,42.66428,-73.79249,Private room,52,28,2,,0,17,0,0,
1.15824E+18,Funky loft studio,502037254,Andrew,,THIRD WARD,42.65845,-73.75926,Entire home/apt,80,30,0,,0,3,0,0,
1.16465E+18,*Private Entrance* Cozy Apt Bright + Modern W/D,47625981,Linda,,SEVENTH WARD,42.64727,-73.76758,Entire home/apt,107,1,14,,1,18,0,0,
1.17038E+18,/An Oasis 8 ppl Yard Grill W/D\,580892646,Crystal,,SECOND WARD,42.64349,-73.75906,Entire home/apt,292,2,2,,0,2,0,0,
1.1718E+18,Walk to convention center:Lark St:Capital,232967878,Diana,,SIXTH WARD,42.65314,-73.7653,Entire home/apt,128,1,46,,4,22,0,0,
1.17189E+18,/A spacious suite: King/Queen beds Grill WD yard\,580892646,Crystal,,SECOND WARD,42.64462,-73.75764,Private room,200,2,0,,0,2,0,0,
1.17339E+18,New near major medical facility,232967878,Diana,,SEVENTH WARD,42.64442,-73.77938,Entire home/apt,213,2,18,,2,22,0,0,
1.17454E+18,"Spacious, Modern Gem in Melrose - Pet Friendly",441054845,Thaddeus,,THIRTEENTH WARD,42.66894,-73.79549,Entire home/apt,99,1,55,,5,2,0,0,
1.18257E+18,Limited Time Listing,42708277,Rodney,,SIXTH WARD,42.6534205,-73.7639758,Entire home/apt,78,1,25,,2,7,0,0,
1.18346E+18,Upscale Listing-Heart of Albany,42708277,Rodney,,SIXTH WARD,42.65227,-73.7646,Entire home/apt,75,1,21,,2,7,0,0,
1.18346E+18,Albany Business Class Apartment,42708277,Rodney,,SIXTH WARD,42.6524,-73.76351,Entire home/apt,67,1,17,,1,7,0,0,
1.18466E+18,NEW studio w/2 beds near MVP,232967878,Diana,,SECOND WARD,42.64409,-73.75709,Entire home/apt,120,1,16,,1,22,0,0,
1.18554E+18,Empire Plaza Apartment,29483818,Ben,,SIXTH WARD,42.65327,-73.76181,Entire home/apt,85,1,130,,11,1,0,0,
1.18559E+18,"""The Albany Allen Home"" Private Bedroom 3",349460842,Scott,,FOURTEENTH WARD,42.66612,-73.79275,Private room,65,28,0,,0,17,0,0,
1.18759E+18,House near major medical center,232967878,Diana,,NINTH WARD,42.65502,-73.79183,Entire home/apt,168,1,27,,2,22,0,0,
1.18925E+18,Beautiful 2 Bedroom with Parking,37769478,Erion,,SIXTH WARD,42.65333,-73.7711,Entire home/apt,113,1,23,,3,11,0,0,
1.18925E+18,Lovely 1 Bedroom with Parking,37769478,Erion,,TENTH WARD,42.66215,-73.79048,Entire home/apt,82,1,33,,3,11,0,0,
1.1919E+18,"Room in Albany, 4 minutes from AMC",32379616,Fabiola,,TENTH WARD,42.6605291,-73.7831549,Private room,33,28,0,,0,5,0,0,
1.1928E+18,Privateroom with shared bathroom for Nurses&grads,382446799,Elizabeth,,NINTH WARD,42.65542,-73.78155,Private room,42,1,6,,1,1,0,0,
1.19646E+18,Albany Vacation Rental w/ State Capitol Views!,121680792,Evolve,,SIXTH WARD,42.655732,-73.764735,Entire home/apt,280,5,0,,0,5,0,0,
1.19859E+18,"""The LEO Home"" Private Bedroom 2",349460842,Scott,,TENTH WARD,42.66269,-73.78163,Private room,56,30,0,,0,17,0,0,
1.2087E+18,"""The Albany Allen Home"" Private Bedroom 5",349460842,Scott,,TENTH WARD,42.6639,-73.7927,Private room,56,28,0,,0,17,0,0,
1.20931E+18,"Dali room, private queen near AMC, UAlbany",20536619,Emily,,THIRTEENTH WARD,42.67318,-73.79345,Private room,68,7,2,,0,8,0,0,
1.21088E+18,Charming Home,147780154,Julia,,EIGHTH WARD,42.65812,-73.81912,Entire home/apt,199,3,0,,0,1,0,0,
1.22385E+18,"493 Washington Ave, Albany 12206, 1st Floor",575030103,Rehan,,ELEVENTH WARD,42.6633254,-73.7742255,Entire home/apt,108,3,10,,1,2,0,0,
1.22418E+18,White Cozy Room,522436003,Adriana,,THIRTEENTH WARD,42.66859,-73.78832,Private room,55,28,2,,0,3,0,0,
1.22749E+18,/Audubon Apartment\ 3bed 1bath built1928 Pine Hill,52123673,Joseph,,THIRTEENTH WARD,42.66955,-73.78542,Entire home/apt,158,3,7,,1,1,0,0,
1.2293E+18,It's Like a Treehouse,562084689,Antonio,,TENTH WARD,42.66104,-73.77971,Entire home/apt,150,1,14,,1,2,0,0,
1.22934E+18,Indigo Bunting Nest,562084689,Antonio,,ELEVENTH WARD,42.66319,-73.77897,Entire home/apt,145,1,33,,4,2,0,0,
1.23026E+18,"King Bed, Workspace & Laundry | Center Square Apt",106636448,Daniel,,SIXTH WARD,42.65507161,-73.76475095,Entire home/apt,115,1,43,,7,1,0,0,
1.23337E+18,Larson Gold,233515764,Etem,,SIXTH WARD,42.65173,-73.76786,Entire home/apt,74,1,55,,6,6,0,0,
1.23438E+18,Spacious Garden Apt in Center Square,564967431,Stephanie,,SIXTH WARD,42.65046807,-73.76434796,Entire home/apt,82,2,2,,0,2,0,0,
1.23796E+18,Tasteful‚Ä¶in more ways than one!,382970529,Thomas,,SIXTH WARD,42.65507057,-73.76151133,Entire home/apt,74,4,27,,3,15,0,0,
1.24062E+18,Private suite with separate entrance in Mansion,412416973,Virginia,,SECOND WARD,42.64566907,-73.75883448,Private room,44,1,7,,1,1,0,0,
1.24223E+18,Nice room in downtown albany,594734396,Abdelrahman,,SECOND WARD,42.6425,-73.75889,Private room,73,1,32,,4,2,0,0,
1.24645E+18,Room close to AMC and St peter,652223872,Umit,,TENTH WARD,42.65941683,-73.78360268,Private room,52,3,4,,1,1,0,0,
1.2522E+18,"""The Albany Allen Home"" Private Bedroom 4",349460842,Scott,,TENTH WARD,42.66517905,-73.79260148,Private room,52,28,0,,0,17,0,0,
1.25226E+18,The Old Lawmaker's Building.,172861174,Vibha,,THIRD WARD,42.6551298,-73.7584295,Private room,100,1,7,,1,1,0,0,
1.25226E+18,staycation CAP region,38324986,Gregory,,EIGHTH WARD,42.64548739,-73.78960322,Entire home/apt,285,3,0,,0,1,0,0,
1.2523E+18,"""The Albany Allen Home"" Private Bedroom 2",349460842,Scott,,TENTH WARD,42.66555578,-73.79269775,Private room,52,28,1,,0,17,0,0,
1.25639E+18,Lovely 1 bedroom across the park,37769478,Erion,,SIXTH WARD,42.65422977,-73.76982577,Entire home/apt,88,1,10,,1,11,0,0,
1.2565E+18,"""The LEO Home"" Private Bedroom 3",349460842,Scott,,TENTH WARD,42.66226,-73.78221,Private room,52,30,0,,0,17,0,0,
1.25892E+18,Cozy Boho 1BR Near Albany Med & St Peter Hospitals,18490980,Jeremy,,SIXTH WARD,42.6544762,-73.7718074,Entire home/apt,83,1,6,,1,2,0,0,
1.2596E+18,In Town Convenient Studio | Washington Park Albany,18490980,Jeremy,,SIXTH WARD,42.6551724,-73.7664699,Entire home/apt,93,28,8,,1,2,0,0,
1.26453E+18,"*Serene* Parkside 2BR Apt: Private Entrance, W/D",47625981,Linda,,SEVENTH WARD,42.64762857,-73.76751684,Entire home/apt,131,1,25,,3,18,0,0,
1.26534E+18,Stylish studio - downtown Albany,564967431,Stephanie,,SIXTH WARD,42.65004675,-73.76402178,Entire home/apt,68,2,6,,1,2,0,0,
1.26668E+18,Row house on the park,1017349,Chris,,SIXTH WARD,42.65319027,-73.769706,Private room,75,1,1,,0,1,0,0,
1.26821E+18,Central Location 1 Bed 1 Bath With Parking,270608641,Enkelejda,,SIXTH WARD,42.6513797,-73.76947069,Entire home/apt,80,1,15,,2,2,0,0,
1.26915E+18,King Bed in Spacious Aparment Close to Everything,382970529,Thomas,,THIRTEENTH WARD,42.6691646,-73.7977608,Private room,49,2,5,,1,15,0,0,
1.27386E+18,Short term across from UAlbany,658588120,Melinda,,TWELFTH WARD,42.68685059,-73.81405552,Entire home/apt,,365,0,,0,1,0,0,
1.27396E+18,3 Bedroom Cozy Ranch,57127782,Deanna,,FIFTEENTH WARD,42.673155,-73.8203654,Entire home/apt,164,1,34,,5,1,0,0,
1.27461E+18,Two bedroom apartment in the heart of Albany,32379616,Fabiola,,THIRD WARD,42.66487531,-73.76730339,Entire home/apt,102,28,0,,0,5,0,0,
1.27772E+18,Large Center Sq Luxury Retreat.,65760,Anthony,,SIXTH WARD,42.6497616,-73.7645287,Entire home/apt,188,4,2,,1,1,0,0,
1.27978E+18,Spacious & Quiet Townhouse Near Legislative Center,528617680,Paola,,SECOND WARD,42.64531128,-73.757934,Private room,,1,6,,1,2,0,0,
1.28415E+18,Spacious 4-Bedroom Home with Modern Amenities,653956114,Michael,,TENTH WARD,42.6620383,-73.78922094,Entire home/apt,178,2,18,,4,1,0,0,
1.28498E+18,Cowen Residence Hospitality.,661066080,Conseta,,FOURTH WARD,42.67445143,-73.73835701,Entire home/apt,92,1,2,,0,1,0,0,
1.2886E+18,Lofts at Washington 109 Spacious 1 Bedroom 1 Bath,358619880,Properties By Preston,,THIRD WARD,42.65769854,-73.76265862,Entire home/apt,90,31,2,,0,5,0,0,
1.2886E+18,Lofts at Washington 303 Spacious 1 Bedroom 1 Bath,358619880,Properties By Preston,,THIRD WARD,42.65797247,-73.76464633,Entire home/apt,127,31,1,,0,5,0,0,
1.2886E+18,Lofts at Washington 304 Spacious 1 Bedroom 1 Bath,358619880,Properties By Preston,,THIRD WARD,42.65735002,-73.76321831,Entire home/apt,127,31,3,,0,5,0,0,
1.2886E+18,Washington Lofts 109 Spacious 1 Bedroom 1 Bath,358619880,Properties By Preston,,THIRD WARD,42.65537055,-73.76089577,Entire home/apt,114,31,1,,0,5,0,0,
1.2886E+18,Lofts at Washington 310 Spacious 1 Bedroom 1 Bath,358619880,Properties By Preston,,SIXTH WARD,42.65678,-73.76367,Entire home/apt,79,31,0,,0,5,0,0,
1.28908E+18,"1 bedroom apt close to hospitals,3min to Albanymed",484673863,Michaela,,TENTH WARD,42.65701241,-73.78116252,Entire home/apt,73,1,29,,4,3,0,0,
1.29132E+18,The Belvedere,571617730,Zinte,,SECOND WARD,42.6445746,-73.7566836,Entire home/apt,342,1,0,,0,1,0,0,
1.29288E+18,‚ÄòThe Blue Home‚Äô Private Bedroom 3 / 1 Full Bath,349460842,Scott,,TENTH WARD,42.66229706,-73.78175574,Private room,70,30,0,,0,17,0,0,
1.29433E+18,Modern Luxury 2 bedroom w/yard,353498132,Michael,,EIGHTH WARD,42.64592834,-73.79876141,Entire home/apt,186,13,0,,0,6,0,0,
1.2958E+18,'The Blue Home' Private Bedroom 1 / 1 Full Bath,349460842,Scott,,THIRTEENTH WARD,42.6634563,-73.78182815,Private room,121,30,0,,0,17,0,0,
1.29665E+18,Room in Albany,663670719,Elhadj,,THIRTEENTH WARD,42.66434544,-73.77874573,Private room,38,1,9,,2,3,0,0,
1.29676E+18,"Room In Albany, NY",663670719,Elhadj,,ELEVENTH WARD,42.6629497,-73.77890271,Private room,42,1,43,,7,3,0,0,
1.29807E+18,Fresh & Modernized 2BR Fl 1 Apt @ Downtown Albany,44434571,Earl,,SECOND WARD,42.64441207,-73.75226674,Entire home/apt,100,1,20,,4,9,0,0,
1.29863E+18,Mid-century Cozy Retreat W/D,47625981,Linda,,SEVENTH WARD,42.64882384,-73.76664662,Entire home/apt,,1,3,,0,18,0,0,
1.30064E+18,Hope On The Hill,341431807,Rakee,,FIRST WARD,42.63104023,-73.77196508,Entire home/apt,104,1,8,,1,1,0,0,
1.30808E+18,‚ÄòThe Blue Home‚Äô Private Bedroom 2 / 1 Full Bath,349460842,Scott,,TENTH WARD,42.66299895,-73.78255585,Private room,56,28,0,,0,17,0,0,
1.30811E+18,‚ÄòThe Blue Home‚Äô Private Bedroom 4 / 1 Full Bath,349460842,Scott,,TENTH WARD,42.66239947,-73.7827126,Private room,56,30,0,,0,17,0,0,
1.31017E+18,Private Room In Albany,663670719,Elhadj,,ELEVENTH WARD,42.66375891,-73.77674407,Private room,51,1,27,,5,3,0,0,
1.31245E+18,COZY  house,667142820,Sylvain Marco,,FIFTEENTH WARD,42.6694592,-73.8269249,Entire home/apt,250,30,0,,0,1,0,0,
1.31962E+18,Prime Location - 1 Bedroom,559146397,Cathleen,,SIXTH WARD,42.65331,-73.76971,Entire home/apt,75,31,0,,0,2,0,0,
1.31965E+18,The Sweet spot,252422913,Dennis,,FIFTEENTH WARD,42.67077854,-73.82525055,Entire home/apt,106,2,1,,1,1,0,0,
1.32549E+18,Walk to Washington Park: Remote Work-Ready Apt!,121680792,Evolve,,SIXTH WARD,42.6551361,-73.7737125,Entire home/apt,101,2,1,,1,5,0,0,
1.32825E+18,The Whisky House,666182267,Tyler,,SIXTH WARD,42.65015,-73.76337,Entire home/apt,170,2,12,,3,1,0,0,
1.3284E+18,Top of The Capital,392074908,Jerry,,SIXTH WARD,42.65262,-73.76134,Entire home/apt,103,2,4,,1,3,0,0,
1.32936E+18,Albany Prime Location - 1 Bed,559146397,Cathleen,,SIXTH WARD,42.65344807,-73.76942854,Entire home/apt,83,31,0,,0,2,0,0,
1.33424E+18,Charming & Roomy 3BR/1BA Fl 2 Apt @Downtown Albany,44434571,Earl,,SECOND WARD,42.644075,-73.7545279,Entire home/apt,108,1,8,,3,9,0,0,
1.3443E+18,Business Travelers Retreat,42708277,Rodney,,FOURTH WARD,42.67538366,-73.7501174,Entire home/apt,83,1,1,,1,7,0,0,
1.3449E+18,Capital City Executive Suites,42708277,Rodney,,FOURTH WARD,42.67796682,-73.74887794,Entire home/apt,69,1,0,,0,7,0,0,
1.3468E+18,Stylish 1BR | Center Sq. Gem!,299638115,Flerida,,SIXTH WARD,42.6556643,-73.7618859,Entire home/apt,71,1,0,,0,4,0,0,
1.35083E+18,Cozy Home in Heart of Albany,677372979,Celia,,TWELFTH WARD,42.68507834,-73.79764015,Entire home/apt,126,7,3,,1,1,0,0,
1.35087E+18,Capital City Escape,10279606,Noriyuki,,FIFTEENTH WARD,42.67003714,-73.82302715,Entire home/apt,149,1,20,,5,3,0,0,
1.35503E+18,Traveler‚Äôs Haven!,413566290,Victoria,,NINTH WARD,42.65540065,-73.79756712,Private room,66,2,2,,1,1,0,0,
1.35858E+18,Two bedroom apartment in Albany,32379616,Fabiola,,THIRD WARD,42.66526305,-73.7671607,Entire home/apt,86,28,0,,0,5,0,0,
1.36387E+18,A piece of mind,650062372,Mataiya,,THIRTEENTH WARD,42.66891,-73.79096,Entire home/apt,217,1,3,,2,1,0,0,
1.36543E+18,Downtown Albany Spacious 2BR | Free Parking,664328482,Oluyinka,,SECOND WARD,42.6436654,-73.7536006,Entire home/apt,91,1,26,,8,1,0,0,
1.36693E+18,Vacation Home in Albany,680411288,Stephanie,,EIGHTH WARD,42.64533015,-73.78913105,Entire home/apt,258,1,14,,5,1,0,0,
1.36913E+18,Capital Comfort Stay,584109093,Cecilia,,FOURTH WARD,42.66159372,-73.75439957,Entire home/apt,85,1,6,,2,1,0,0,
1.36977E+18,Near Hospitals: Home w/ Yard in Albany!,121680792,Evolve,,FIRST WARD,42.63962652,-73.77330801,Entire home/apt,203,2,0,,0,5,0,0,
1.37163E+18,Central cozy quiet 4 bedroom w/King bed,20536619,Emily,,TENTH WARD,42.66315402,-73.78910124,Entire home/apt,164,7,0,,0,8,0,0,
1.37183E+18,"Walk to Albany Med, MVP Arena, Washington Park",265861488,Vander,,SIXTH WARD,42.65040603,-73.76433185,Entire home/apt,68,1,13,,6,1,0,0,
1.37501E+18,A peaceful home away from home,385963105,Samantha,,FOURTEENTH WARD,42.66598411,-73.81880097,Entire home/apt,128,7,1,,1,1,0,0,
1.37699E+18,Cozy Sunshine,233515764,Etem,,SEVENTH WARD,42.64764409,-73.77159254,Entire home/apt,74,1,2,,1,6,0,0,
1.37745E+18,"Woodlands room, private queen, walk to AMC",20536619,Emily,,TENTH WARD,42.66148231,-73.78761856,Private room,44,28,0,,0,8,0,0,
1.37747E+18,Bright private queen room,20536619,Emily,,TENTH WARD,42.66310642,-73.7871616,Private room,52,28,0,,0,8,0,0,
1.37748E+18,"Peony room, private w/ King bed!",20536619,Emily,,TENTH WARD,42.661831,-73.78755057,Private room,53,28,0,,0,8,0,0,
1.37792E+18,Furnished brand new studio,26674574,Zainab,,TWELFTH WARD,42.6868252,-73.8111413,Entire home/apt,64,3,3,,1,1,0,0,
1.37991E+18,Cozy Sunset,233515764,Etem,,SEVENTH WARD,42.64626119,-73.77151139,Entire home/apt,,1,8,,3,6,0,0,
1.38056E+18,Luxury Albany Hotel w/Breakfast Next to Downtown,466790114,Zohar,,ELEVENTH WARD,42.68002338,-73.78522331,Private room,51,1,2,,1,9,0,0,
1.38116E+18,Albany 2BR Stay Close to Downtown W/Free Breakfast,466790114,Zohar,,ELEVENTH WARD,42.68231685,-73.78367156,Entire home/apt,49,1,5,,2,9,0,0,
1.38391E+18,"Cranberry room, large private queen, central loc.",20536619,Emily,,TENTH WARD,42.66317304,-73.78912755,Private room,51,21,0,,0,8,0,0,
1.39017E+18,New Large Bedroom! Has Parking!,55596850,Alain,,NINTH WARD,42.66002,-73.79333,Private room,53,5,1,,1,3,0,0,
1.39347E+18,Cozy Albany Suite Close to downtown W/breakfast.,466790114,Zohar,,ELEVENTH WARD,42.67776,-73.78216,Entire home/apt,55,1,3,,2,9,0,0,
1.39348E+18,Cozy Albany Suite Next to downtown W/breakfast,466790114,Zohar,,FIFTH WARD,42.67652149,-73.78111384,Entire home/apt,70,1,2,,1,9,0,0,
1.39349E+18,Albany 2BR Stay Close to Downtown W/Breakfast,466790114,Zohar,,ELEVENTH WARD,42.67742779,-73.78242873,Entire home/apt,56,1,1,,1,9,0,0,
1.39363E+18,Albany Cozy 2BR Room with breakfast & Gym,466790114,Zohar,,ELEVENTH WARD,42.67610274,-73.78233683,Entire home/apt,57,1,2,,2,9,0,0,
1.39363E+18,New Bedroom! Includes Parking!,55596850,Alain,,NINTH WARD,42.65947528,-73.7936812,Private room,48,5,2,,1,3,0,0,
1.39364E+18,Albany Luxury 2BR Room with free Breakfast,466790114,Zohar,,FIFTH WARD,42.67651023,-73.78215502,Entire home/apt,47,1,3,,2,9,0,0,
1.39563E+18,Nice,594734396,Abdelrahman,,SECOND WARD,42.6448116,-73.75775432,Private room,57,1,0,,0,2,0,0,
1.39567E+18,The Small Yellow Room with twin bed /tv,116935236,Felicisimo,,THIRTEENTH WARD,42.66991719,-73.78632927,Private room,33,7,0,,0,5,0,0,
1.39692E+18,New Bedroom Centrally Located! Parking & Laundry,55596850,Alain,,FOURTEENTH WARD,42.66111606,-73.7940814,Private room,39,5,0,,0,3,0,0,
1.40246E+18,4 bedroom house in Albany,32379616,Fabiola,,TENTH WARD,42.6605291,-73.7831549,Entire home/apt,129,28,0,,0,5,0,0,
1.40533E+18,Room near SUNY Albany,32379616,Fabiola,,TENTH WARD,42.6599033,-73.78257397,Private room,44,28,0,,0,5,0,0,
1.40577E+18,Historic Studio and Great Eats,382970529,Thomas,,SIXTH WARD,42.65545023,-73.76273815,Entire home/apt,89,3,0,,0,15,0,0,
1.4145E+18,Beautiful 1 bed apartment,477328400,Tyler,,SEVENTH WARD,42.64878732,-73.76675859,Entire home/apt,107,1,1,,1,2,0,0,
1.41526E+18,Clean Albany by Shops,674118442,Jan,,ELEVENTH WARD,42.67847686,-73.78374211,Entire home/apt,67,1,0,,0,3,0,0,
1.41526E+18,Standard Albany | Central,674118442,Jan,,ELEVENTH WARD,42.67855402,-73.78195666,Entire home/apt,98,1,0,,0,3,0,0,
1.41596E+18,"Near All 
Downtown Albany Apartment",232589050,Lauren,,SECOND WARD,42.6456774,-73.7602082,Entire home/apt,89,1,5,,5,1,0,0,
1.41599E+18,Modern Albany Queen | Shops,674118442,Jan,,ELEVENTH WARD,42.67827869,-73.7839499,Entire home/apt,64,1,0,,0,3,0,0,
1.41769E+18,Charming Historic Apartment,270608641,Enkelejda,,SIXTH WARD,42.65166,-73.76622,Entire home/apt,78,1,0,,0,2,0,0,
1.4198E+18,Modern Historical Albany Living,51050977,Manuel P.,,NINTH WARD,42.6572643,-73.7769051,Entire home/apt,120,7,0,,0,1,0,0,
1.43042E+18,Caf√© Capriccio Suite,418024477,Marlene,,SECOND WARD,42.64619243,-73.75658878,Entire home/apt,150,1,0,,0,1,0,0,
1.43282E+18,"Charming, Stylish Apt Downtown",531209536,Amar,,THIRD WARD,42.65792079,-73.75026566,Entire home/apt,107,28,0,,0,2,0,0,
1.43411E+18,Cozy Albany Suite Next to Downtown with Gym,466790114,Zohar,,ELEVENTH WARD,42.68224687,-73.7833839,Entire home/apt,57,1,1,,1,9,0,0,
1.43411E+18,Stylish Albany Room minutes to Downtown,466790114,Zohar,,ELEVENTH WARD,42.68052557,-73.78524616,Entire home/apt,61,1,0,,0,9,0,0,
,,,,,,,,,,,,,0,,,,
